{"speed": 20.0, "distance": 981.1751493048669, "rotation": 11.0, "rotationStation": 50, "dockingParam": 21.78761304015643}